[
  {
    "name": "Simple Mobile - Apple iPhone 11 Pro Max (64GB) - Silver",
    "price": "$1,099.99",
    "image": "https://m.media-amazon.com/images/I/81hA4nb-+qL._AC_UY436_QL65_ML3_.jpg"
  },
  {
    "name": "Simple Mobile - Apple iPhone 11 Pro Max (64GB) - Silver",
    "price": "$1,099.99",
    "image": "https://m.media-amazon.com/images/I/81hA4nb-+qL._AC_UY436_QL65_ML3_.jpg"
  },
  {
    "name": "Apple iPhone 7 - Fully Unlocked (128GB, Black) - Includes 1-Year CPS Warranty (Renewed)",
    "price": "$1,099.99",
    "image": "https://m.media-amazon.com/images/I/31UU-oejIwL._AC_UY400_QL65_ML3_.jpg"
  },
  {
    "name": "Simple Mobile Prepaid - Apple iPhone 6s (32GB) - Space Gray",
    "price": "$169.45",
    "image": "https://m.media-amazon.com/images/I/61ty1FGnI4L._AC_UY436_QL65_ML3_.jpg"
  },
  {
    "name": "Apple iPhone 8 PLUS GSM Unlocked 256GB, Red (Renewed)",
    "price": "$449.99",
    "image": "https://m.media-amazon.com/images/I/61gggycHOcL._AC_UY436_QL65_ML3_.jpg"
  },
  {
    "name": "Simple Mobile Prepaid - Apple iPhone 6s Plus (32GB) - Rose Gold",
    "price": "$299.99",
    "image": "https://m.media-amazon.com/images/I/61HK7W+WbvL._AC_UY436_QL65_ML3_.jpg"
  },
  {
    "name": "Apple iPhone X, 256GB, Gray - Fully Unlocked (Renewed)",
    "price": "$517.95",
    "image": "https://m.media-amazon.com/images/I/71yMgOenT5L._AC_UY436_QL65_ML3_.jpg"
  },
  {
    "name": "Tracfone Apple iPhone SE 4G LTE Prepaid Smartphone (32GB - Silver)",
    "price": "$139.99",
    "image": "https://m.media-amazon.com/images/I/71axPUIx5fL._AC_UY436_QL65_ML3_.jpg"
  },
  {
    "name": "Simple Mobile - Apple iPhone 11 Pro Max (64GB) - Silver",
    "price": "$1,099.99",
    "image": "https://m.media-amazon.com/images/I/81hA4nb-+qL._AC_UY436_QL65_ML3_.jpg"
  },
  {
    "name": "Simple Mobile - Apple iPhone 11 Pro Max (64GB) - Silver",
    "price": "$1,099.99",
    "image": "https://m.media-amazon.com/images/I/81hA4nb-+qL._AC_UY436_QL65_ML3_.jpg"
  },
  {
    "name": "Simple Mobile Prepaid - Apple iPhone 6s (32GB) - Space Gray",
    "price": "$169.45",
    "image": "https://m.media-amazon.com/images/I/61ty1FGnI4L._AC_UY436_QL65_ML3_.jpg"
  },
  {
    "name": "Apple iPhone 8 PLUS GSM Unlocked 256GB, Red (Renewed)",
    "price": "$449.99",
    "image": "https://m.media-amazon.com/images/I/61gggycHOcL._AC_UY436_QL65_ML3_.jpg"
  },
  {
    "name": "Simple Mobile Prepaid - Apple iPhone 6s Plus (32GB) - Rose Gold",
    "price": "$299.99",
    "image": "https://m.media-amazon.com/images/I/61HK7W+WbvL._AC_UY436_QL65_ML3_.jpg"
  },
  {
    "name": "Apple iPhone X, 256GB, Gray - Fully Unlocked (Renewed), 12MP camera with OIS and 7MP TrueDepth front camera—Portrait mode, Portrait Lighting, Depth Control, and Smart HDR ",
    "price": "$517.95",
    "image": "https://m.media-amazon.com/images/I/71yMgOenT5L._AC_UY436_QL65_ML3_.jpg"
  },
  {
    "name": "Tracfone Apple iPhone SE 4G LTE Prepaid Smartphone (32GB - Silver)",
    "price": "$139.99",
    "image": "https://m.media-amazon.com/images/I/71axPUIx5fL._AC_UY436_QL65_ML3_.jpg"
  },
  {
    "name": "Simple Mobile - Apple iPhone 11 Pro Max (64GB) - Silver",
    "price": "$1,099.99",
    "image": "https://m.media-amazon.com/images/I/81hA4nb-+qL._AC_UY436_QL65_ML3_.jpg"
  },
  {
    "name": "Simple Mobile - Apple iPhone 11 Pro Max (64GB) - Silver",
    "price": "$1,099.99",
    "image": "https://m.media-amazon.com/images/I/81hA4nb-+qL._AC_UY436_QL65_ML3_.jpg"
  },
  {
    "name": "Simple Mobile Prepaid - Apple iPhone 6s (32GB) - Space Gray",
    "price": "$169.45",
    "image": "https://m.media-amazon.com/images/I/61ty1FGnI4L._AC_UY436_QL65_ML3_.jpg"
  },
  {
    "name": "Apple iPhone 8 PLUS GSM Unlocked 256GB, Red (Renewed)",
    "price": "$449.99",
    "image": "https://m.media-amazon.com/images/I/61gggycHOcL._AC_UY436_QL65_ML3_.jpg"
  },
  {
    "name": "Simple Mobile Prepaid - Apple iPhone 6s Plus (32GB) - Rose Gold",
    "price": "$299.99",
    "image": "https://m.media-amazon.com/images/I/61HK7W+WbvL._AC_UY436_QL65_ML3_.jpg"
  },
  {
    "name": "Apple iPhone X, 256GB, Gray - Fully Unlocked (Renewed)",
    "price": "$517.95",
    "image": "https://m.media-amazon.com/images/I/71yMgOenT5L._AC_UY436_QL65_ML3_.jpg"
  },
  {
    "name": "Tracfone Apple iPhone SE 4G LTE Prepaid Smartphone (32GB - Silver)",
    "price": "$139.99",
    "image": "https://m.media-amazon.com/images/I/71axPUIx5fL._AC_UY436_QL65_ML3_.jpg"
  }
]